"dataset","n_students","mean_G3","sd_G3","mean_absences"
"Math",395,10.4151898734177,4.58144261099784,5.70886075949367
"Portuguese",649,11.9060092449923,3.2306562428048,3.65947611710324
